{"cameraMode":{"drawMode":0,"name":"Shaded","section":"Shading Mode"},"sceneLighting":false,"audioPlay":false,"sceneViewState":{"m_AlwaysRefresh":false,"showFog":true,"showSkybox":false,"showFlares":true,"showImageEffects":true,"showParticleSystems":true,"showVisualEffectGraphs":true,"m_FxEnabled":true},"in2DMode":false,"pivot":{"x":-1.8434652090072632,"y":0.6853242516517639,"z":2.390497922897339},"rotation":{"x":0.007493359502404928,"y":-0.38017693161964419,"z":0.003080883529037237,"w":0.9248809814453125},"size":4.527647018432617,"orthographic":false}