{"cameraMode":{"drawMode":0,"name":"Shaded","section":"Shading Mode"},"sceneLighting":false,"audioPlay":false,"sceneViewState":{"m_AlwaysRefresh":false,"showFog":true,"showSkybox":false,"showFlares":true,"showImageEffects":true,"showParticleSystems":true,"showVisualEffectGraphs":true,"m_FxEnabled":true},"in2DMode":false,"pivot":{"x":1.7685096263885499,"y":-0.49027347564697268,"z":13.548662185668946},"rotation":{"x":0.012767437845468521,"y":0.9817766547203064,"z":-0.1759244054555893,"w":0.07110156118869782},"size":12.259163856506348,"orthographic":false}